,degree,AIC
0,0,321.0109750531991
1,1,289.0564781232789
2,2,279.45337389659727
3,3,284.88040168522934
4,4,290.9285814737932
5,5,311.25819941739917
6,6,381.26544508810207
